{"cameraMode":{"drawMode":0,"name":"Shaded","section":"Shading Mode"},"sceneLighting":true,"audioPlay":false,"sceneViewState":{"m_AlwaysRefresh":false,"showFog":true,"showSkybox":true,"showFlares":true,"showImageEffects":true,"showParticleSystems":true,"showVisualEffectGraphs":true,"m_FxEnabled":true},"in2DMode":false,"pivot":{"x":0.017887158319354059,"y":1.8631986379623414,"z":0.6337231397628784},"rotation":{"x":-0.09613941609859467,"y":0.020002024248242379,"z":-0.0019299972336739302,"w":-0.9951393604278565},"size":5.317397117614746,"orthographic":false}